I,d
P,r,e,d,i,c,t,e,d
I,d
P,r,e,d,i,c,t,e,d
I,d
P,r,e,d,i,c,t,e,d
I,d
P,r,e,d,i,c,t,e,d
I,d
P,r,e,d,i,c,t,e,d
I,d
P,r,e,d,i,c,t,e,d
I,d
P,r,e,d,i,c,t,e,d
I,d
P,r,e,d,i,c,t,e,d
I,d
P,r,e,d,i,c,t,e,d
I,d
P,r,e,d,i,c,t,e,d
I,d
P,r,e,d,i,c,t,e,d
I,d
P,r,e,d,i,c,t,e,d
I,d
P,r,e,d,i,c,t,e,d
I,d
P,r,e,d,i,c,t,e,d
I,d
P,r,e,d,i,c,t,e,d
I,d
P,r,e,d,i,c,t,e,d
I,d
P,r,e,d,i,c,t,e,d
I,d
P,r,e,d,i,c,t,e,d
I,d
P,r,e,d,i,c,t,e,d
I,d
P,r,e,d,i,c,t,e,d
I,d
P,r,e,d,i,c,t,e,d
I,d
P,r,e,d,i,c,t,e,d
I,d
P,r,e,d,i,c,t,e,d
I,d
P,r,e,d,i,c,t,e,d
I,d
P,r,e,d,i,c,t,e,d
I,d
P,r,e,d,i,c,t,e,d
I,d
P,r,e,d,i,c,t,e,d
I,d
P,r,e,d,i,c,t,e,d
I,d
P,r,e,d,i,c,t,e,d
I,d
P,r,e,d,i,c,t,e,d
I,d
P,r,e,d,i,c,t,e,d
I,d
P,r,e,d,i,c,t,e,d
I,d
P,r,e,d,i,c,t,e,d
I,d
P,r,e,d,i,c,t,e,d
I,d
P,r,e,d,i,c,t,e,d
I,d
P,r,e,d,i,c,t,e,d
I,d
P,r,e,d,i,c,t,e,d
I,d
P,r,e,d,i,c,t,e,d
I,d
P,r,e,d,i,c,t,e,d
I,d
P,r,e,d,i,c,t,e,d
I,d
P,r,e,d,i,c,t,e,d
I,d
P,r,e,d,i,c,t,e,d
I,d
P,r,e,d,i,c,t,e,d
I,d
P,r,e,d,i,c,t,e,d
I,d
P,r,e,d,i,c,t,e,d
I,d
P,r,e,d,i,c,t,e,d
I,d
P,r,e,d,i,c,t,e,d
I,d
P,r,e,d,i,c,t,e,d
I,d
P,r,e,d,i,c,t,e,d
I,d
P,r,e,d,i,c,t,e,d
I,d
P,r,e,d,i,c,t,e,d
I,d
P,r,e,d,i,c,t,e,d
I,d
P,r,e,d,i,c,t,e,d
I,d
P,r,e,d,i,c,t,e,d
I,d
P,r,e,d,i,c,t,e,d
I,d
P,r,e,d,i,c,t,e,d
I,d
P,r,e,d,i,c,t,e,d
I,d
P,r,e,d,i,c,t,e,d
I,d
P,r,e,d,i,c,t,e,d
I,d
P,r,e,d,i,c,t,e,d
I,d
P,r,e,d,i,c,t,e,d
I,d
P,r,e,d,i,c,t,e,d
I,d
P,r,e,d,i,c,t,e,d
I,d
P,r,e,d,i,c,t,e,d
I,d
P,r,e,d,i,c,t,e,d
I,d
P,r,e,d,i,c,t,e,d
I,d
P,r,e,d,i,c,t,e,d
I,d
P,r,e,d,i,c,t,e,d
I,d
P,r,e,d,i,c,t,e,d
I,d
P,r,e,d,i,c,t,e,d
I,d
P,r,e,d,i,c,t,e,d
I,d
P,r,e,d,i,c,t,e,d
I,d
P,r,e,d,i,c,t,e,d
I,d
P,r,e,d,i,c,t,e,d
I,d
P,r,e,d,i,c,t,e,d
I,d
P,r,e,d,i,c,t,e,d
I,d
P,r,e,d,i,c,t,e,d
I,d
P,r,e,d,i,c,t,e,d
I,d
P,r,e,d,i,c,t,e,d
